{"cameraMode":{"drawMode":0,"name":"Shaded","section":"Shading Mode"},"sceneLighting":true,"audioPlay":false,"sceneViewState":{"m_AlwaysRefresh":false,"showFog":true,"showSkybox":true,"showFlares":true,"showImageEffects":true,"showParticleSystems":true,"showVisualEffectGraphs":true,"m_FxEnabled":true},"in2DMode":false,"pivot":{"x":-1.975346565246582,"y":0.7645587921142578,"z":6.549487590789795},"rotation":{"x":-0.15780393779277802,"y":-0.10111158341169357,"z":0.01624760776758194,"w":-0.9821558594703674},"size":2.5474157333374025,"orthographic":false}